{"act": "\u201cact\u201d means the securities and exchange board of india act, 1992 (15 of 1992); ", "authorised officer": "\u201cauthorised officer\u201d means the investigating authority or any other officer of the board authorised by the chairman under sub-section (8) of section 11c of the act; ", "building": "\u201cbuilding\u201d includes any structure or any other thing constructed, erected, placed or made on, in or under any land and  the land  appurtenant there to . ", "day time": "\u201cday time\u201d means the hours between 7.00 a.m. and 6.00 p.m. at the place where the search and seizure is undertaken. ", "document": "\u201cdocument\u201d means any record or  information, preserved in any,- handmade form such as writing, drawing, painting, with any implement on any surface, directly or indirectly;  photographic form such as microfilm, microfiche, prints, slides, negatives, 2 videotapes, motion pictures, photocopies or digital storage;  mechanical form such as writing, pressing, printing or typing; computerized, electrical, electronic, or magnetic form such as tape recordings, cassettes, compact discs or any information on an electronic or magnetic storage device, such as hard disks, portable memory cards, sticks or diskettes, or smart cards, backup tapes, personal digital devices, cd or dvd discs, optical discs, printer buffers, zip drives, pen drives, thump drives or electronic notebooks, as well as printouts or readouts from any magnetic storage device, including information preserved in files that have been \u201cdeleted\u201d from electronic,magnetic,optical storage devices or facilities, and includes anything in which such information, is found or recoverable; ", "enterprise": "\u201centerprise\u201d shall have the same meaning as assigned to it in clause of section 92f of the income-tax act, 1961(43 of 1961);    ", "personal information": "\u201cpersonal information\u201d means any information that relates to a natural person, whose identity is apparent or can reasonably be ascertained from the information;  \"schedule \"means the schedule appended to these regulations; ", "securities laws": "\"securities laws\" means the act, the securities contracts act, 1956  (42 of 1956),  the depositories act, 1996(22 of 1996), provisions of the companies act, 1956 in force and the companies act,2013  that are administered by the securities and exchange board of india, and the rules and regulations made thereunder. (2) unless the context otherwise requires, the words and expressions used herein and not defined in these regulations but defined in the act or companies act, 1956 (1 of 1956)   in force and the companies act, 2013  or  the securities contracts act, 1956 (42 of 1956) or the depositories act, 1996 (22 of 1996) or the information technology act, 2000 (21 of 2000) or any rules or regulations made thereunder shall have the same meanings respectively assigned to them in those acts, rules or regulations made thereunder or any statutory modification or re-enactment thereto, as the case may be. "}