{"act": "\"act\" means the securities and exchange board of india act, 1992 (15 of 1992); ", "alleged default": "\u201calleged default\u201d means an alleged or probable contravention of any provision of the securities laws; ", "board": "\"board\" means the securities and exchange board of india established under the provisions of section 3 of the act; ", "panel of whole time members": "\"panel of whole time members\" means the panel consisting of two or more whole time members of the board;   ", "securities laws": "\"securities laws\" means the act, the securities contract act, 1956 (42 of 1956), the depositories act,1996 (22 of 1996), the relevant provisions of any other law to the extent it is administered by the board and the relevant rules and regulations made thereunder; ", "specified proceedings": "\"specified proceedings\" means the proceedings that may be initiated by the board or have been initiated and are pending before the board or any other forum, for the violation of securities laws, under section 11, section 11b, section 11d, sub-section (3) of section 12 or section 15-i of the act or section 12a or section 23-i of the securities contracts act, 1956 or section 19 or section 19h of the depositories act, 1996, as the case may be; ", "tribunal": "\"tribunal\" means the securities appellate tribunal established under section 15k of the securities and exchange board of india act, 1992.  (2) words and expressions used but not defined in these regulations but defined in the act, the securities contracts act, 1956 the depositories act, 1996 the companies act, 2013 or any of the rules or regulations made thereunder, shall have the same meanings respectively assigned to them in those acts, rules or regulations or any statutory modification or re-enactment thereto.   3 "}