{"act": "\u201cact\u201d means the securities and exchange board of india act, 1992 (15 of 1992); ", "board": "\u201cboard\u201d means the securities and exchange board of india; ", "compliance officer": "\u201ccompliance officer\u201d means any senior officer, designated so and reporting to the board of directors or head of the organization in case board is not there, who is financially literate and is capable of appreciating requirements for legal and regulatory compliance under these regulations and who shall be responsible for compliance of policies, procedures, maintenance of records, monitoring adherence to the rules for the preservation of unpublished price sensitive information, monitoring of trades and the implementation of the codes specified in these regulations under the overall supervision of the board of directors of the listed company or the head of an organization, as the case may be. 1[explanation \u2013 for the purpose of this regulation, \u201cfinancially literate\u201d shall mean a person who has the ability to read and understand basic financial statements i.e. balance sheet, profit and loss account, and statement of cash flows]; ", "connected person": "\"connected person\" means,- any person who is or has during the six months prior to the concerned act been associated with a company, directly or indirectly, in any capacity including by reason of frequent communication with its officers or by being in any contractual, fiduciary or employment relationship or by being a director, officer or an employee of the company or holds any position including a professional or 1 inserted by securities and exchange board of india (prohibition of insider trading) regulations, 2018 (w.e.f. april 01, 2019) business relationship between himself and the company whether temporary or permanent, that allows such person, directly or indirectly, access to unpublished price sensitive information or is reasonably expected to allow such access.  without prejudice to the generality of the foregoing, the persons falling within the following categories shall be deemed to be connected persons unless the contrary is established, -  an immediate relative of connected persons specified in clause ; or  a holding company or associate company or subsidiary company; or an intermediary as specified in section 12 of the act or an employee or director thereof; or  an investment company, trustee company, asset management company or an employee or director thereof; or  an official of a stock exchange or of clearing house or corporation; or a member of board of trustees of a mutual fund or a member of the board of directors of the asset management company of a mutual fund or is an employee thereof; or  a member of the board of directors or an employee, of a public financial institution as defined in section 2 (72) of the companies act, 2013; or an official or an employee of a self-regulatory organization recognised or authorized by the board; or a banker of the company; or a concern, firm, trust, hindu undivided family, company or association of persons wherein a director of a company or his immediate relative or banker of the company, has more than ten per cent. of the holding or interest; the company that is expected to put him in possession of unpublished price sensitive information. immediate relatives and other categories of persons specified above are also presumed to be connected persons but such a presumption is a deeming legal fiction and is rebuttable. this definition is also intended to bring into its ambit persons who may not seemingly occupy any position in a company but are in regular touch with the company and its officers and are involved in the know of  the company\u2019s operations. it is intended to bring within its ambit those who would have access to or could access unpublished price sensitive information about any company or class of companies by virtue of any connection that would put them in possession of unpublished price sensitive information.  ", "generally available information": "\"generally available information\" means information that is accessible to the public on a non-discriminatory basis; that it is easier to crystallize and appreciate what unpublished price sensitive information is.  information published on the website of a stock exchange, would ordinarily be considered generally available.   ", "immediate relative": "\u201cimmediate relative\u201d means a spouse of a person, and includes parent, sibling, and child of such person or of the spouse, any of whom is either dependent financially on such person, or consults such person in taking decisions relating to trading in securities; become connected persons for purposes of these regulations. indeed, this is a rebuttable presumption. ", "insider": "\"insider\" means any person who is: i)  a connected person; or  ii)  in possession of or having access to unpublished price sensitive information;  anyone in possession of or having access to unpublished price sensitive information should be considered an \u201cinsider\u201d regardless of how one came in possession of or had access to such information. various circumstances are provided for such a person to demonstrate that he has not indulged in insider trading. therefore, this definition is intended to bring within its reach any person who is in receipt of or has access to unpublished price sensitive information. the onus of showing that a certain person was in possession of or had access to unpublished price sensitive information at the time of trading would, therefore, be on the person leveling the charge after which the person who has traded when in possession of or having access to unpublished price sensitive information may demonstrate that he was not in such possession or that he has not traded or or he could not access or that his trading when in possession of such information was squarely covered by the exonerating circumstances.   ", "promoter": "\"promoter\" shall have the meaning assigned to it under the securities and exchange board of india (issue of capital and disclosure requirements) regulations, 2[2018] or any modification thereof; ", "promoter group": "3[\"promoter group\" shall have the meaning assigned to it under the securities and exchange board of india (issue of capital and disclosure requirements) regulations, 2018 or any modification thereof;] 4[(5[hb]) \u201cproposed to be listed\u201d shall include securities of an unlisted company: if such unlisted company has filed offer documents or other documents, as the case may be, with the board, stock exchangeor registrar of companies in connection with the listing; or  2 substituted for the number \u201c2009\u201d by securities and exchange board of india (prohibition of insider trading) regulations, 2018 (w.e.f. april 01, 2019)   3 inserted by securities and exchange board of india (prohibition of insider trading) regulations, 2019 (w.e.f. january 21, 2019) 4 inserted by securities and exchange board of india (prohibition of insider trading) regulations, 2018 (w.e.f. april 01, 2019) 5 re-numbered by securities and exchange board of india (prohibition of insider trading) regulations, 2019 (w.e.f. january 21, 2019) if such unlisted company is getting listed pursuant to any merger or amalgamation and has filed a copy of such scheme of merger or amalgamation under the companies act, 2013;] ", "securities": "\"securities\" shall have the meaning assigned to it under the securities contracts act, 1956 (42 of 1956) or any modification thereof except units of a mutual fund;  ", "specified": "\"specified\" means specified by the board in writing; ", "takeover regulations": "\u201ctakeover regulations\u201d means the securities and exchange board of india (substantial acquisition of shares and takeovers) regulations, 2011 and any amendments thereto; ", "trading": "\"trading\" means and includes subscribing, buying, selling, dealing, or agreeing to subscribe, buy, sell, deal in any securities, and \"trade\" shall be construed accordingly ; 15g of the act employs the term 'dealing in securities', it is intended to widely define the term \u201ctrading\u201d to include dealing. such a construction is intended to curb the activities based on unpublished price sensitive information which are strictly not buying, selling or subscribing, such as pledging etc when in possession of unpublished price sensitive information.   ", "trading day": "\u201ctrading day\u201d means a day on which the recognized stock exchanges are open for trading; ", "unpublished price sensitive information": "\"unpublished price sensitive information\" means any information, relating to a company or its securities, directly or indirectly, that is not generally available which upon becoming generally available, is likely to materially affect the price of the securities and shall, ordinarily including but not restricted to, information relating to the following: \u2013 financial results; dividends; change in capital structure;  mergers, de-mergers, acquisitions, delistings, disposals and expansion of business and such other transactions;  changes in key managerial personnel. 6[***].  not generally available would be unpublished price sensitive information if it is likely to materially affect the price upon coming into the public domain. the types of matters that would ordinarily give rise to unpublished price sensitive information have been listed above to give illustrative guidance of unpublished price sensitive information.  (2) words and expressions used and not defined in these regulations but defined in the securities and exchange board of india act, 1992 (15 of 1992), the securities contracts act, 1956 (42 of 1956), the depositories act, 1996 (22 of 1996) or the companies act, 2013 (18 of 2013) and rules and regulations made thereunder shall have the meanings respectively assigned to them in those legislation. "}