{"act": "\u201cact\u201d means the securities and exchange board of india act, 1992 (15 of 1992); 2 \u201cassociate\u201d of any person 1[\u201cmeans \u201cassociate company\u201d as defined under the companies act, 2013 or under the applicable accounting standards and shall also include\u201d,] \u2013 any person controlled, directly or indirectly, by the said person;  any person who controls, directly or indirectly, the said person;  where the said person is a company or a body corporate, any personwho is designated as promoterof the company or body corporate and any other company or body corporate with the same promoter; where the said person is an individual, any relative of the individual; 2[***] 3[***] 4[***] 5[***]  ", "board": "\"board\" means the securities and exchange board of india established under section 3 of the act; ", "body corporate": "\u201cbody corporate\u201d shall have  the meaning assigned to it in or under sub-section (11) of section 2 of the companies act, 2013; ", "bonus issue": "\u201cbonus issue\u201d means additional units allotted to the unit holders, as on the record date fixed for the said purpose, without any cost to the unit holder; ", "certificate": "\u201ccertificate\u201d means a certificate of registration granted under these regulations; \"change in control\", means,\u2013 1 substituted by securities and exchange board of india (infrastructure investment trusts) regulations, 2016, w.e.f 30.11.2016. prior to which it read as \u2018\u201cassociate\u201d of any person includes\u2019. 2 sub clause omitted by securities and exchange board of india (infrastructure investment trusts) regulations, 2016, w.e.f 30.11.2016. prior to which it read as \u2018where the said person is a company or a body corporate or an llp, its group companies;\u2019 3 sub clause omitted by securities and exchange board of india (infrastructure investment trusts) regulations, 2016, w.e.f 30.11.2016. prior to which it read as \u2018companies or llps under the same management;\u2019 4 sub clause omitted by securities and exchange board of india (infrastructure investment trusts) regulations, 2016, w.e.f 30.11.2016.  prior to which it read as \u2018where the said person is an invit, related parties to the invit;\u2019 5 sub clause omitted by securities and exchange board of india (infrastructure investment trusts) regulations, 2016, w.e.f 30.11.2016.  prior to which it read as \u2018any company or llp or body corporate in which the person or its directoror partnerholds, either individually or collectively, more than fifteen percent of its paid-up equity share capital or partnership interest, as the case may be;\u2019 3 in case of a company or body corporate, change in control where 'control' shall have the meaning as provided in sub-section (27) of section 2 of the companies act, 2013; in any other case, change in the controlling interest. explanation.\u2500 for the purpose of sub-clause , the expression \u201ccontrolling interest\u201d means an interest, whether direct or indirect, to the extent of more than fifty percent of voting rights or interest; ", "company": "\u201ccompany\u201d means a company as defined under sub-section (20) of section 2 of the companies act, 2013; ", "completed and revenue generating project": "\"completed and revenue generating project\" means an infrastructure project, which prior to the date of its acquisition by, or transfer to, the invit, satisfies the following conditions,\u2013 the infrastructure project has achieved the commercial operations date as defined under the relevant project agreement including concession agreement, power purchase agreement or any other agreement of a similar nature entered into in relation to the operation of the project or in any agreement entered into with the lenders; the infrastructure project has received all the requisite approvals and certifications for commencing operations; and  the infrastructure project has been generating revenue from operations for a period of not less than one year;        ", "concession agreement": "\u201cconcession agreement\u201d means an agreement entered into by a person with a concessioning authority for the purpose of implementation of the project as provided in the agreement; ", "concessioning authority": "\u201cconcessioning authority\u201d means the public sector concessioning authority in ppp projects; ", "credit rating agency": "\u201ccredit rating agency\u201d means a credit rating agency registered with the board under the securities and exchange board of india (credit rating agencies) regulations, 1999; ", "custodian": "\u201ccustodian\u201d means a person registered with the board under the securities and exchange board of india (custodian of securities) regulations, 1996; 4 ", "\u201cdebt securities": "6 [\u201c\u201cdebt securities\u201d shall be defined under regulation 2(1)of the securities and exchange board of india (issue and listing of debt securities) regulations, 2008;\u201d] ", "designated stock exchange": "\u201cdesignated stock exchange\u201d means a recognised stock exchange in which units of an invit are listed or proposed to be listed and which is chosen by the invit as a designated stock exchange for the purpose of a particular issue of the units of the invit under these regulations: provided that where one or more of such stock exchanges have nationwide trading terminals, the invit shall choose one of them as the designated stock exchange: provided further that the invit may choose a different recognised stock exchange as a designated stock exchange for any subsequent issue of units of the invit under these regulations; ", "eligible infrastructure project": "\"eligible infrastructure project\" means an infrastructure project which, prior to the date of its acquisition by, or transfer to, the invit, satisfies the following conditions,\u2013 for ppp projects,\u2013 (1) the infrastructure project is 7[a] completed and revenue  generating [project]8, or 9 [\u201c(1a) the infrastructure project, which has achieved commercial operations date and does not have the track record of revenue from operations for a period of not less than one year, or\u201d] (2) the infrastructure project is a pre-cod project; in non-ppp projects, the infrastructure project has received all the requisite approvals and certifications for commencing construction of the project;  6 inserted by the securities and exchange board of india (infrastructure investment trusts) regulations, 2016, w.e.f 30.11.2016. 7 inserted by the securities and exchange board of india (infrastructure investment trusts) regulations, 2016, w.e.f 30.11.2016. 8 inserted by the securities and exchange board of india (infrastructure investment trusts) regulations, 2016, w.e.f 30.11.2016. 9inserted by the securities and exchange board of india (infrastructure investment trusts) regulations, 2016, w.e.f 30.11.2016. 5 ", "follow\u2013on offer": "\"follow\u2013on offer\u201d means offer of units of an invit to the public for subscription and includes an offer for sale of invit units by an existing unit holder to the public; 10[***] ", "form": "\u201cform\u201d means any of the forms set out in the schedule i;          11[general purposes\" include such identified purposes for which no specific amount is allocated or any amount so specified towards general purpose or any such purpose by whatever name called, in the draft offer document filed with the board:                          provided that any issue related expenses shall not be considered as a part of general purpose merely because no specific amount has been allocated for such expenses in the draft offer document filed with the board;\u201d] \u201cgoverning board\u201d in case of an llp shall mean a group of members assigned by the llp to act in a manner similar to the board of directors in case of a company; ", "holdco\u201d or \u201cholding company": "        12 [\u201choldco\u201d or \u201cholding company\u201d means a company or llp,- in which invit holds or proposes to hold controlling interest and not less than fifty one per cent of the equity share capital or interest and which in turn has made investments in other spv, which ultimately hold the infrastructure assets; which is not engaged in any other activity other than holding of the underlying spv, holding of infrastructure projects and any other activities pertaining to and incidental to such holdings;\u201d] 10 sub clause omitted by the securities and exchange board of india (infrastructure investment trusts) ", "follow-on offer document": "regulations, 2016, w.e.f 30.11.2016. prior to omission it read as \u2018\u201cfollow-on offer document\u201d means any document by which follow-on offer is made to the public by an invit;\u2019 11 inserted by the securities and exchange board of india (infrastructure investment trusts) regulations, 2016, w.e.f 30.11.2016. 12 inserted by the securities and exchange board of india (infrastructure investment trusts) regulations, 2016, w.e.f 30.11.2016. 6 ", "infrastructure": "\u201cinfrastructure\u201d includes all infrastructure sub-sectors as defined vide notification of the ministry of finance dated october 07, 2013 and shall include any amendments or additions made thereof; ", "infrastructure project": "\"infrastructure project\" means any project in infrastructure sector; ", "initial offer": "13 [\u201cinitial offer\u201d means the first offer of units of an invit including an offer for sale of the invit units by an existing unit holder whether through public issue or private placement;\u201d] ", "initial 14 [public] offer": "\u201cinitial 14 [public] offer\u201d means the first offer of units of an invit to the public for subscription and includes an offer for sale of the invit units by an existing unit holder to the public; 15[***] \u201cinfrastructure developer\u201d in case of ppp projects shall mean the lead member of the concessionaire spv; ", "inspecting officer": "\u201cinspecting officer\u201d means any one or more person appointed by the board  "}