{"act": " \u201cact\u201d means the securities and exchange board of india act, 1992 (15 of 1992); 2 ", "applicant": " \u201capplicant\u201d means any person or persons who, acting alone or in combination with another person proposes to establish a depository under these regulations and holds fifteen percent shareholding of the depository; ", "associate": " \"associate\" shall have the same meaning as assigned to it under clause of sub-regulation (1) of regulation 2 of the securities contracts (stock exchanges and clearing corporations) regulations, 2018 or any amendments thereof; ", "board": " \"board\" means the securities and exchange board of india established under section 3 of the securities and exchange board of india act, 1992 (15 of 1992);  \u201cchange in control\u201d \u2013            in case of a body corporate \u2013                      if its shares are listed on any recognised stock exchange, shall be construed with reference to the definition of control in terms of regulations framed under clause of sub-section (2) of section 11 of the act;                      in any other case, shall be construed as change in the controlling interest in the body corporate; explanation: for the purpose of para of this sub-clause, the expression ", "controlling interest": "\u201ccontrolling interest\u201d means an interest, whether direct or indirect, to the extent of at least fifty-one percent of voting rights in the body corporate;            in a case other than that of a body corporate, shall be construed as any change in its legal formation or ownership. ", "control": " \"control\" shall have the same meaning as assigned to it under clause of sub-regulation (1) of regulation 2 of the securities and exchange board of india (substantial acquisition of shares and takeovers) regulations, 2011 or any amendments thereof; ", "depositories act": " \u201cdepositories act\u201d means the depositories act, 1996 (22 of 1996); ", "form": " \u201cform\u201d means any of the forms specified in the first schedule; ", "governing board": " \"governing board\u201d means the board of directors of a depository; ", "inspecting officer": " \u201cinspecting officer\u201d means any person authorised by the board under regulation 84;  \"key management personnel\" would include a person serving as head of any department, or in such senior executive position that stands higher in hierarchy to the headof the departmentin the depository, or any person who directly reports to chief executive officer or to the director of the governing board of the depository, or any person upto two levels below the chief executive officer or managing director, or any other person as may be identified by its nomination and remuneration committee  \"persons acting in concert\" in the context of acquisition or holding of shares or voting rights or control shall mutatis mutandis have the same meaning as assigned to it in clause of sub-regulation (1) of regulation 2 of the securities and exchange board of india (substantial acquisition of shares and takeovers) regulations, 2011 or any amendments thereof;  3 ", "public interest director": "\"public interest director\" means  an independent director representing the interests of investors in securities market and who is not having any association, directly or indirectly, which in the opinion of the board, is in conflict with his role;  ", "regulatory department": " \"regulatory department\" means a department of a depository which is entrusted with regulatory powers and duties and includes such department as may be specified by the board;\" ", "schedule": " \u201cschedule\u201d means any of the schedules annexed to these regulations; ", "shareholder director": " \"shareholder director\" means a director who represents the interest of shareholders, and elected or nominated by such shareholders who are not depository participants,  or their associates and agents; (2) words and expressions used and not defined in these regulations but defined in the act, the securities contracts act, 1956, the depositories act, 1996, the companies act, 2013 or any rules or regulations made thereunder shall have the same meanings respectively assigned to them in those acts, rules or regulations made thereunder or any statutory modification or re-enactment thereto, as the case may be. "}