{"acquirer": "\u201cacquirer\u201d means any person who, directly or indirectly, acquires or agrees to acquire whether by himself, or through, or with persons acting in concert with him, shares or voting rights in, or control over a target company; ", "acquisition": "\u201cacquisition\u201d means, directly or indirectly, acquiring or agreeing to acquire shares or voting rights in, or control over, a target company; ", "act": "\u201cact\u201d means the securities and exchange board of india act, 1992 (15 of 1992); ", "board": "\u201cboard\u201d means the securities and exchange board of india established under section 3 of the act; ", "control": "\u201ccontrol\u201d includes the right to appoint majority of the directors or to control the management or policy decisions exercisable by a person or persons acting individually or in concert, directly or indirectly, including by virtue of their shareholding or management rights or shareholders agreements or voting agreements or in any other manner:  provided that a director or officer of a target company shall not be considered to be in control over such target company, merely by virtue of holding such position;  ", "convertible security": "\u201cconvertible security\u201d means a security which is convertible into or ex-changeable with equity shares of the issuer at a later date, with or without the option of the holder of the security, and includes convertible debt instruments and convertible preference shares; 2 proviso substituted by the sebi (substantial acquisition of shares and takeovers) (third amendment) regulations, 2015, w.e.f. 14-8-2015. prior to its substitution, said proviso, as inserted by the sebi (listing of specified securities on institutional trading platform) regulations, 2013, w.e.f. 8-10-2013, read as under : \u201cprovided that these regulations shall not apply to direct and indirect acquisition of shares or voting rights in, or control over a company listed on the institutional trading platform of a recognized stock exchange\u201d page 3 of 69 ", "disinvestment": "\u201cdisinvestment\u201d means the direct or indirect sale by the central government or any state government or by a government company, as the case may be, of shares or voting rights in, or control over, a target company, which is a public sector undertaking; ", "enterprise value": "\u201centerprise value\u201d means the value calculated as market capitalization of a company plus debt, minority interest and preferred shares, minus total cash and cash equivalents; ", "financial year": "\u201cfinancial year\u201d means the period of twelve months commencing on the first day of the month of april; ", "frequently traded shares": "\u201cfrequently traded shares\u201d means shares of a target company, in which the traded turnover on any stock exchange during the twelve calendar months preceding the calendar month in which the public announcement 3[is required to be made under these regulations], is at least ten per cent of the total number of shares of such class of the target company:  provided that where the share capital of a particular class of shares of the target company is not identical throughout such period, the weighted average number of total shares of such class of the target company shall represent the total number of shares; 4[\u201cfugitive economic offender\u201d shall mean an individual who is declared a fugitive economic offender under section 12 of the fugitive economic offenders act, 2018 (17 of 2018)] ", "identified date": "\u201cidentified date\u201d means the date falling on the tenth working day prior to the commencement of the tendering period, for the purposes of determining the shareholders to whom the letter of offer shall be sent;  ", "immediate relative": "\u201cimmediate relative\u201d means any spouse of a person, and includes parent, brother, sister or child of such person or of the spouse;  ", "listing agreement": "\u201clisting agreement\u201d means the agreement with the stock exchange governing the conditions of listing of shares of the target company; 3  substituted by the sebi (substantial acquisition of shares and takeovers) (second amendment) regulations, 2018, w.e.f. 11-09-2018. prior to the amendment, it read as \u201cis made\u201d. 4 inserted by the sebi (substantial acquisition of shares and takeovers) (second amendment) regulations, 2018, w.e.f. 11-09-2018. page 4 of 69 ", "listing regulations": "5[\u201clisting regulations\u201d means the securities and exchange board of india (listing obligations and disclosure requirements) regulations, 2015.]  ", "manager to the open offer": "\u201cmanager to the open offer\u201d means a merchant banker referred to in regulation 12;  ", "maximum permissible non-public shareholding": "\u201cmaximum permissible non-public shareholding\u201d means such percentage shareholding in the target company excluding the minimum public shareholding required under the securities contracts rules, 1957; ", "offer period": "\u201coffer period\u201d means the period between the date of entering into an agreement, formal or informal, to acquire shares, voting rights in, or control over a target company requiring a public announcement, or the date of the public announcement, as the case may be, and the date on which the payment of consideration to shareholders who have accepted the open offer is made, or the date on which open offer is withdrawn, as the case may be; ", "persons acting in concert": "\u201cpersons acting in concert\u201d means,\u2014   (1)  persons who, with a common objective or purpose of acquisition of shares or voting rights in, or exercising control over a target company, pursuant to an agreement or understanding, formal or informal, directly or indirectly co-operate for acquisition of shares or voting rights in, or exercise of control over the target company.   (2)  without prejudice to the generality of the foregoing, the persons falling within the following categories shall be deemed to be persons acting in concert with other persons within the same category, unless the contrary is established,\u2014  a company, its holding company, subsidiary company and any company under the same management or control; a company, its directors, and any person entrusted with the management of the company; 5 inserted by the sebi (substantial acquisition of shares and takeovers) (second amendment) regulations, 2018, w.e.f. 11-09-2018. page 5 of 69 directors of companies referred to in item and of this sub-clause and associates of such directors; promoters and members of the promoter group; immediate relatives; a mutual fund, its sponsor, trustees, trustee company, and asset management company; a collective investment scheme and its collective investment management company, trustees and trustee company; a venture capital fund and its sponsor, trustees, trustee company and asset management company; 6[an alternative investment fund and its sponsor, trustees, trustee company and manager;] 7[***] a merchant banker and its client, who is an acquirer; a portfolio manager and its client, who is an acquirer; banks, financial advisors and stock brokers of the acquirer, or of any company which is a holding company or subsidiary of the acquirer, and where the acquirer is an individual, of the immediate relative of such individual:          provided that this sub-clause shall not apply to a bank whose sole role is that of providing normal commercial banking services or activities in relation to an open offer under these regulations;  an investment company or fund and any person who has an interest in such investment company or fund as a shareholder or unitholder having not less than 10 per cent of the paid-up capital of the investment company or unit 6 inserted by the sebi (alternative investment funds) regulations, 2012, w.e.f. 21-5-2012. 7 omitted by the sebi (foreign portfolio investors) regulations, 2014, w.e.f. 7-1-2014. prior to its omission, item read as under : \"a foreign institutional investor and its sub-accounts;\" page 6 of 69 capital of the fund, and any other investment company or fund in which such person or his associate holds not less than 10 per cent of the paid-up capital of that investment company or unit capital of that fund:   provided that nothing contained in this sub-clause shall apply to holding of units of mutual funds registered with the board;  explanation.\u2014 for the purposes of this clause \u201cassociate\u201d of a person means,\u2014  any immediate relative of such person;   trusts of which such person or his immediate relative is a trustee;   partnership firm in which such person or his immediate relative is a partner; and   members of hindu undivided families of which such person is a coparcener; ", "postal ballot": "8[\u201cpostal ballot\u201d means a postal ballot as provided for under rule 22 of the companies (management and administration) rules, 2014 made under the companies act, 2013;] \u201cpromoter\u201d has the same meaning as in the securities and exchange board of india (issue of capital and disclosure requirements) regulations, 2009 and includes a member of the promoter group; \u201cpromoter group\u201d has the same meaning as in the securities and exchange board of india (issue of capital and disclosure requirements) regulations, 2009; ", "public sector undertaking": "\u201cpublic sector undertaking\u201d means a target company in which, directly or indirectly, majority of shares or voting rights or control is held by the central government or any state government or governments, or partly 8  substituted by the sebi (substantial acquisition of shares and takeovers) (second amendment) regulations, 2018, w.e.f. 11-09-2018. prior to the amendment, the clause read as: ", "\u201cpostal ballot": "\u201c\u201cpostal ballot\u201d means a postal ballot as provided for under the companies (passing of the resolution by postal ballot) rules, 2001 made under the companies act, 1956 (1 of 1956)\u201d page 7 of 69 by the central government and partly by one or more state governments; ", "shares": "\u201cshares\u201d means shares in the equity share capital of a target company carrying voting rights, and includes any security which entitles the holder thereof to exercise voting rights;  explanation.\u2014 for the purpose of this clause shares will include all depository receipts carrying an entitlement to exercise voting rights in the target company; ", "specified": "\u201cspecified\u201d means as specified by the board; ", "state-level financial institution": "\u201cstate-level financial institution\u201d means a financial corporation established under section 3 or section 3a and institutions notified under section 46 of the state financial corporations act, 1951 (63 of 1951), and includes a development corporation established as a company by a state government with the object of development of industries or agricultural activities in the state; ", "stock exchange": "\u201cstock exchange\u201d means a stock exchange which has been granted recognition under section 4 of the securities contracts act, 1956 (42 of 1956); ", "target company": "\u201ctarget company\u201d means a company and includes a body corporate or corporation established under a central legislation, state legislation or provincial legislation for the time being in force, whose shares are listed on a stock exchange;  ", "tendering period": "\u201ctendering period\u201d means the period within which shareholders may tender their shares in acceptance of an open offer to acquire shares made under these regulations; ", "volume weighted average market price": "\u201cvolume weighted average market price\u201d means the product of the number of equity shares traded on a stock exchange and the price of each equity share divided by the total number of equity shares traded on the stock exchange;  page 8 of 69 ", "volume weighted average price": "\u201cvolume weighted average price\u201d means the product of the number of equity shares bought and price of each such equity share divided by the total number of equity shares bought; ", "weighted average number of total shares": "\u201cweighted average number of total shares\u201d means the number of shares at the beginning of a period, adjusted for shares cancelled, bought back or issued during the aforesaid period, multiplied by a time-weighing factor; ", "wilful defaulter": "9[\u201cwilful defaulter\u201d means any person who is categorized as a wilful defaulter by any bank or financial institution or consortium thereof, in accordance with the guidelines on wilful defaulters issued by the reserve bank  of india and includes any person whose director, promoter or partner is categorized as such;] ", "working day": "10[]   \u201cworking day\u201d means any working day of the board.  (2)  all other expressions unless defined herein shall have the same meaning as have been assigned to them under the act or the securities contracts act, 1956, (42 of 1956) or the 11 [companies act, 2013 (18 of 2013)], or any statutory modification or re-enactment thereto, as the case may be. "}