{"act": "\u201cact\u201d means the securities and exchange board of india act, 1992 (15 of 1992); 2 \u201cassociate\u201d of any person 1[shall be as defined under the companies act, 2013 or under the applicable accounting standards and shall also include following],-  any person controlled, directly or indirectly, by the said person;   any person who controls, directly or indirectly, the said person;    where the said person is a company or a body corporate, any person who is designated as promoterof the company or body corporate and any  other company or body corporate with the same promoter;  where the said person is an individual, any relative of the individual;   2[***]  3[***]  4[***]  5[***] ", "board": "\"board\" means the securities and exchange board of india established under section 3 of the act; ", "body corporate": "\u201cbody corporate\u201d shall have  the meaning assigned to it in or under sub-section (11) of section 2 of the companies act, 2013; ", "bonus issue": "\u201cbonus issue\u201d means additional units allotted to the unit holders as on the record date fixed for the said purpose, without any cost to the unit holder; ", "certificate": "\u201ccertificate\u201d means a certificate of registration granted under these regulations; ", "change in control": "\"change in control\"  means,- 1 substituted for \"includes\" by the sebi (real estate investment trusts) regulations, 2016, w.e.f. 30.11.2016 2 omitted, by the sebi (real estate investment trusts) regulations, 2016, w.e.f. 30.11.2016. prior to its omission, sub-clause read as under : \u201cwhere the said person is a company or a body corporate or an llp, its group companies;\u201d 3 omitted, by the sebi (real estate investment trusts) regulations, 2016, w.e.f. 30.11.2016. prior to its omission, sub-clause read as under :  \u201ccompanies or llps under the same management;\u201d 4 omitted, by the sebi (real estate investment trusts) regulations, 2016, w.e.f. 30.11.2016. prior to its omission, sub-clause read as under :   \u201cwhere the said person is a reit, related parties to the reit;\u201d 5 omitted, by the sebi (real estate investment trusts) regulations, 2016, w.e.f. 30.11.2016. prior to its omission, sub-clause read as under :  \u201cany company or llp or body corporate in which the person or its directoror partnerhold, either individually or collectively, more than fifteen percent of its paid-up equity share capital or partnership interest, as the case may be;\u201d 3 in case of a company or body corporate, change in control where 'control' shall have the meaning as provided in sub-section (27) of section 2 of the companies act, 2013; in any other case, change in the controlling interest;       explanation.\u2500 for the purpose of sub-clause , the expression \u201ccontrolling interest\u201d means an interest, whether direct or indirect, to the extent of 6[not less] than fifty percent of voting rights or interest; ", "company": "\u201ccompany\u201d means a company as defined under sub-section (20) of section 2 of the companies act, 2013; ", "completed property": "\u201ccompleted property\u201d means property for which occupancy certificate has been received from the relevant authority; ", "credit rating agency": "\u201ccredit rating agency\u201d means a credit rating agency registered with the board under the securities and exchange board of india (credit rating agencies) regulations, 1999; ", "custodian": "\u201ccustodian\u201d means a person registered with the board under the securities and exchange board of india (custodian of securities) regulations, 1996; 7[\u201cdebt securities\u201d shall be as defined under regulation 2(1)of sebi (issue and listing of debt securities) regulations, 2008;] ", "designated stock exchange": "\u201cdesignated stock exchange\u201d means a recognised stock exchange in which units of a reit are listed or proposed to be listed and which is chosen by the reit as a designated stock exchange for the purpose of a particular issue of the units of the reit under these regulations: provided that where one or more of such stock exchanges have nationwide trading terminals, the reit shall choose one of them as the designated stock exchange: provided further that subject to the provisions of this clause, the reit may choose a different recognised stock exchange as a designated stock exchange for any subsequent issue of units of the reit under these regulations; 6 substituted for the word \u201cmore\u201d by the securities and exchange board of india (real estate investment trusts) regulations, 2018, w.e.f. 10.04.2018.  7 inserted by the sebi (real estate investment trusts) regulations, 2016, w.e.f. 30.11.2016. 4 \"floor space index\" or \"fsi\" shall mean the buildable area on a plot of land as specified by the competant authority; ", "follow\u2013on offer": "\u201cfollow\u2013on offer\u201d means offer of units of a listed reit to the public for subscription and includes an offer for sale of reit units by an existing unit holder to the public; 8[***] ", "form": "\u201cform\u201d means any of the forms set out in the schedule i of these regulations; 9[\"general purposes\" include such identified purposes for which no specific amount is allocated or any amount so specified towards general purpose or any such purpose by whatever name called, in the offer document filed with the board:  provided that any issue related expenses shall not be considered as a part of general purpose merely because no specific amount has been allocated for such expenses in the offer document filed with the board;\u201d] \"governing board\u201d in case of an llp shall mean a group of members assigned by the llp to act in a manner similar to the board of directors in case of a company;\u201cinitial offer\u201d means the first offer of units of an reit to the public for subscription and includes an offer for sale of reit units by an existing unit holder to the public; 10[\u201c\u201choldco\u201d or \u201cholding company\u201d shall mean a company or llp.,- in which reit holds or proposes to hold 11[***] not less than fifty 12[***] per cent. of the equity share capital or interest and which it in turn has made investments in other spv, which ultimately hold the property; which is not engaged in any other activity other than holding of the underlying spv, holding of real estate/properties and any other activities pertaining to and incidental to such holdings;\u201d; ", "initial offer": "\u201cinitial offer\u201d means the first offer of units of an reit to the public for subscription and includes an offer for sale of reit units by an existing unit holder to the public;] 8 omitted, by the sebi (real estate investment trusts) regulations, 2016, w.e.f. 30.11.2016. prior to its omission, clause read as under :  ", "\u201cfollow-on offer document": "\u201c\u201cfollow-on offer document\u201d means any document by which follow-on  offer is made to the public;\u201d 9 inserted by the sebi (real estate investment trusts) regulations, 2016, w.e.f. 30.11.2016. 10 inserted by the sebi (real estate investment trusts) regulations, 2016, w.e.f. 30.11.2016. 11 words \u201ccontrolling interest and\u201d omitted by the securities and exchange board of india (real estate investment trusts) regulations, 2018, w.e.f. 10.04.2018. 12 word \u201cone\u201d omitted ibid. 5 13[***] ", "inspecting officer": "\u201cinspecting officer\u201d means any one or more person appointed by the board  to exercise "}