{"act": "\"act\" means the securities contracts act, 1956 (42 of 1956); \"associate\" in relation to a person shall include another person: who, directly or indirectly, by himself, or in combination with other persons, exercises control over the first person; who holds control of atleast twenty percent of the total voting power of the first person; who is a holding company or a subsidiary company of the first person who is a relative of the first person; who is a member of a hindu undivided family wherein the first person is also a member; such other cases where the board is of the view that a person shall be considered as an associate based on the facts and factors including the extent of control, independence, conflict of interest; ", "board": "\"board\" means the securities and exchange board of india established under the provisions of section 3 of the securities and exchange board of india act, 1992 (15 of 1992); ", "clearing corporation": "\"clearing corporation\" means an entity that is established to undertake the activity of clearing and settlement of trades in securities or other instruments or products that are dealt with or traded on a recognized stock exchange and includes a clearing house; ", "clearing member": "\u201cclearing member\u201d means a person having clearing rights in any recognized clearing corporation and includes a clearing member as defined in clause of sub-regulation (1) of regulation 2 of the securities and exchange board of india (stock brokers and sub- brokers) regulations, 1992 \"company\" shall mean a company as defined in section 3 of the companies act, 2013; 1(***) ", "control": "\"control\" shall have the same meaning as assigned to it under clause of sub- regulation (1) of regulation 2 of the securities and exchange  board of india (substantial acquisition of shares and takeovers) regulations, 2011 or any modification thereof; ", "governing board": "\"governing board\" means the board of directors of a recognised stock  exchange or a recognised clearing corporation; ", "key management personnel": "\"key management personnel\" includes a person serving as head of any department or in such senior executive position that stands higher in hierarchy to the headof the departmentin the recognised stock exchange or the recognised clearing corporation, or any person who directly reports to chief executive officer or to the director on the governing board of the recognised stock exchange or recognised clearing corporation, or any person upto two levels below the chief executive 1 clause omitted by the securities contracts (stock exchanges and clearing corporations) regulations, 2019, w.r.e.f. 03-10-2018. prior to its omission, it read as \u201c\u201dcommodity derivatives exchange\" means a recognized stock exchange which assists, regulates or controls the business of buying, selling or dealing in commodity derivatives and option in securities with the prior approval of the board.\u201d officer or managing director, or any other person as may be identified by its nomination and remuneration committee; ", "netting": "\"netting\" means the determination by clearing corporation of net payment or delivery obligations of the clearing members of a recognised clearing corporation by setting off or adjustment of the inter- se obligations or claims arising out of buying and selling of securities, including the claims and obligations arising out of the determination by the clearing corporation or stock exchange, on the insolvency, winding-up, liquidation or resolution of any clearing member or trading member or client or such other circumstances as  the clearing corporation may specify in its bye-laws, of the transactions admitted for settlement at a future date, so that only a net claim be demanded, or a net obligation be owed; ", "novation": "\"novation\" means the act of one or more recognised clearing corporations interposing between the parties of every trade, so as to be a legal counterparty; \"persons acting in concert\" in the context of acquisition or holding of  shares or voting rights or control shall mutatis mutandis have the same meaning as assigned to it in clause of sub-regulation (1) of regulation 2 of the securities and exchange board of india (substantial acquisition of shares and takeovers) regulations, 2011 or any amendments thereof; ", "public": "\u201cpublic\" includes any member or section of the public but does not include any trading member or clearing member or their associates and agents; ", "public interest director": "\"public interest director\" means an independent director representing the interests of investors in securities market and who is not having any association, directly or indirectly, which in the opinion of the board, is in conflict with his role; ", "recognised clearing corporation": "\"recognised clearing corporation\" means a clearing corporation which is recognised by the board under section 4 read with section 8a of the act; ", "recognised stock exchange": "\u201crecognised stock exchange\u201d means a stock exchange which is recognized by the board under section 4 of the act. ", "regulatory department": "\"regulatory department\" means a department of a recognised stock exchange or a recognised clearing corporation which is entrusted with regulatory powers and duties and includes such department as may be specified by the board; ", "rules": "\"rules\" means the securities contracts rules, 1957; ", "shareholder director": "\"shareholder director\" means a director who represents the interest of shareholders, and elected or nominated by such shareholders who are not trading members or clearing members, as the case may be, or their associates and agents; ", "trading member": "\"trading member\" means a person having trading rights in any recognized stock exchange and includes a stock broker. (2) words and expressions used and not defined in these regulations but defined in the act, the companies act, 2013, the securities and exchange board of india act, 1992, the depositories act, 1996 or any rules or regulations made thereunder shall have the same meanings respectively assigned to them in those acts, rules or regulations made thereunder or any statutory modification or re-enactment thereto, as the case may be. "}