{"act": "\u201cact\u201d means the securities and exchange board of india act, 1992 (15 of 1992); ", "alternative investment fund": "\u201calternative investment fund\u201d means any fund established or incorporated in india in the form of a trust or a company or a limited liability partnership or a body corporate which,- is a privately pooled investment vehicle which collects funds from investors, whether indian or foreign, for investing it in accordance with a defined investment policy for the benefit of its investors; and is not covered under the securities and exchange board of india (mutual funds) regulations, 1996, securities and exchange board of india (collective investment schemes) regulations, 1999 or any other regulations of the board to regulate fund management activities: provided that the following shall not be considered as alternative investment fund for the purpose of these regulations,-  family trusts set up for the benefit of \u2018relatives\u2019 as defined under 1[companies act, 2013];  2[esop trusts set up under the securities and exchange board of india (share based employee benefits) regulations, 2014 or as permitted under companies act, 2013;] employee welfare trusts or gratuity trusts set up for the benefit of employees; 3[\u2019holding companies\u2019 as defined under sub-section 46 of section 2 of companies act, 2013;] 1 substituted by the sebi (alternative investment funds)regulations, 2018, w.e.f. 01-06-2018. prior to the substitution, it read as \u201ccompanies act, 1956\u201d. 2 substituted by the sebi (alternative investment funds)regulations, 2018, w.e.f. 01-06-2018. prior to the substitution, it read as \u201cesop trusts set up under the securities and exchange board of india (employee stock option scheme and employee stock purchase scheme), guidelines, 1999 or as permitted under companies act, 1956;\u201d 3 substituted by the sebi (alternative investment funds)regulations, 2018, w.e.f. 01-06-2018. prior to the substitution, it read as \u201cholding companies\u2019 within the meaning of section 4 of the companies act, 1956;\u201d. other special purpose vehicles not established by fund managers, including securitization trusts, regulated under a specific regulatory framework;  funds managed by securitisation company or reconstruction company which is registered with the reserve bank of india under section 3 of the securitisation and reconstruction of financial assets and enforcement of security interest act, 2002; and any such pool of funds which is directly regulated by any other regulator in india; ", "associate": "\u201cassociate\u201d means a company or a limited liability partnership or a body corporate in which a director or trustee or partner or sponsor or manager of the alternative investment fund or a director or partner of the manager or sponsor holds, either individually or collectively, more than fifteen percent of its paid-up equity share capital or partnership interest, as the case may be;  ", "board": "\u201cboard\u201d means the securities and exchange board of india established under section 3 of the act; ", "certificate": "\u201ccertificate\u201d means a certificate of registration granted by the board under regulation 6; \u201cchange in control\u201d in relation to a company or  a body corporate, means: if its shares are listed on any recognized stock exchange, change in control within the meaning of clause of sub-regulation (1) of regulation 2 of the securities and exchange board of india (substantial acquisition of shares and takeovers) regulations, 2011; in any other case, change in the controlling interest or change in legal form; explanation.\u2500 for the purpose of sub-clause , the expression ", "controlling interest": "\u201ccontrolling interest\u201d means an interest, whether direct or indirect, to the extent of more than fifty percent of voting rights or interest; ", "company": "\u201ccompany\u201d means a company incorporated under the 4[companies act, 2013]; ", "corpus": "\u201ccorpus\u201d means the total amount of funds committed by investors to the alternative investment fund by way of a written contract or any such document as on a particular date;  ", "custodian": "5[\u201ccustodian\u201d means a person who has been granted a certificate of registration to carry on the business of custodian under the securities and exchange board of india regulations, 1996;] ", "debt fund": "\u201cdebt fund\u201d means an alternative investment fund which invests primarily in debt or debt securities of listed or unlisted investee companies according to the stated objectives of the fund; ", "equity linked instruments": "\u201cequity linked instruments\u201d includes instruments convertible into equity shares or share warrants, preference shares, debentures compulsorily or optionally convertible into equity;  ", "form": "\u201cform\u201d means any of the forms set out in the first schedule; ", "goods": "6[\u201cgoods\u201d means the goods notified by the central government under clause of section 2 of the securities contracts act, 1956 and forming the underlying of any commodity derivative;] ", "hedge fund": "\u201chedge fund\u201d means an alternative  investment fund which employs diverse or complex trading strategies and invests and trades in securities having diverse risks or complex products including listed and unlisted derivatives; ", "infrastructure fund": "\u201cinfrastructure fund\u201d means an alternative investment fund which invests primarily in unlisted securities or partnership interest or listed debt or securitized 4 substituted by the sebi (alternative investment funds)regulations, 2018, w.e.f. 01-06-2018. prior to the substitution, it read as \u201ccompanies act, 1956\u201d. 5 inserted by the sebi (alternative investment funds)regulations, 2019, w.e.f. 10-05-2019. 6 inserted by the sebi (alternative investment funds)regulations, 2019, w.e.f. 10-05-2019. debt instruments of investee companies or special purpose vehicles engaged in or formed for the purpose of  operating, developing or holding infrastructure projects; explanation.\u2500 \u2018infrastructure\u2019 shall be as defined by the government of india from time to time. ", "inspecting authority": "\u201cinspecting authority\u201d means any one or more person appointed by the board  to exercise powers conferred under regulation 30;  ", "investee company": "\u201cinvestee company\u201d means any company, special purpose vehicle or limited liability partnership or body corporate 7[or real estate investment trust or infrastructure investment trust] in which an alternative investment fund makes an investment; ", "investible funds": "\u201cinvestible funds\u201d means corpus of the alternative investment fund net of estimated expenditure for administration and management of the fund; ", "manager": "\u201cmanager\u201d means any person or entity who is appointed by the alternative investment fund to manage its investments by whatever name called and may also be same as the sponsor of the fund; ", "private equity fund": "\u201cprivate equity fund\u201d means an alternative investment fund which invests primarily in equity or equity linked instruments or partnership interests of investee companies according to the stated objective of the fund; ", "sme": "\u201csme\u201d means small and medium enterprise  and shall have the same meaning as assigned to it under the micro, small and medium enterprises development act 2006 as amended from time to time;  ", "sme fund": "\u201csme fund\u201d means an alternative investment fund which invests primarily in unlisted securities of investee companies which are smes or securities of those smes which are listed or proposed to be listed on a sme exchange or sme segment of an exchange;  7 inserted by the sebi (real estate investment trusts) regulations, 2014, w.e.f. 26-09-2014.  ", "social venture": "\u201csocial venture\u201d means a trust, society or company or venture capital undertaking or limited liability partnership formed with the purpose of promoting social welfare or solving social problems or providing social benefits and includes,- public charitable trusts registered with charity commissioner; societies registered for charitable purposes or for promotion of science, literature, or fine arts; 8[company registered under section 8 of the companies act, 2013;]  micro finance institutions; ", "social venture fund": "\u201csocial venture fund\u201d means an alternative investment fund which invests primarily in securities or units of social ventures and which satisfies social performance norms laid down by the fund and whose investors may agree to receive restricted or muted returns; ", "sponsor": "\u201csponsor\u201d means any person or persons who set up the alternative investment fund and includes promoter in case of a company and designated partner in case of a limited liability partnership;  ", "trust": "\u201ctrust\u201d means a trust established under the indian trusts act, 1882 or under an act of parliament or state legislation; ", "unit": "\u201cunit\u201d means beneficial interest of the investors in the alternative  investment fund or a scheme of the alternative investment fund and shall include shares or partnership interests; ", "venture capital fund": "\u201cventure capital fund\u201d means an alternative investment fund which invests primarily in unlisted securities of start-ups, emerging or early-stage venture capital undertakings mainly involved in new products, new services, technology or intellectual property right based activities or a new business model 9[and shall "}