{"abridged prospectus": "\"abridged prospectus\" shall have the same meaning assigned to it in or under sub-section (1) of section 2 of the companies act, 1956 and shall contain such additional disclosures as specified by board from time to time;  ", "act": "\u201cact\u201d  means the securities and exchange board of india act, 1992; ", "advertisement": "\"advertisement\" includes notices, brochures, pamphlets, circulars, show cards, catalogues, hoardings, placards, posters, insertions in newspaper, pictures, films, cover pages of offer documents or any other print medium, radio, television programmes through any electronic medium;  ", "bank": "\"bank\" includes any bank included in the second schedule to the reserve bank of india act, 1934; ", "board": "\u201cboard\u201d means the securities and exchange board of india established under provisions of section 3 of act; ", "book building": "\u201cbook building\u201d means a process undertaken prior to filing of prospectus with the registrar of companies by means of circulation of a notice, circular, advertisement or other document by which the demand for the non-convertible redeemable preference shares proposed to be issued by an issuer is elicited and the price and quantity of such securities is assessed;  ", "designated stock exchange": "\"designated stock exchange\" means a stock exchange in which securities of the issuer are listed or proposed to be listed and which is chosen by the issuer for the purpose of a particular issue under these regulations; ", "innovative perpetual debt instrument": "\"innovative perpetual debt instrument\" means an innovative perpetual debt instrument issued by a bank in accordance with the  guidelines framed by the reserve bank of india; ", "issuer": "\"issuer\" means any public company in terms of section 3 of the companies act, 1956, public sector undertaking or statutory corporation which 3 makes or proposes to make an issue of non-convertible redeemable preference shares in accordance with these regulations or which has its securities listed on a recognized stock exchange or which seeks to list its non-convertible redeemable preference shares on a recognized stock exchange; ", "listing agreement": "\u201clisting agreement\u201d means a listing agreement to be entered into between the issuer and the stock exchange where the non-convertible redeemable preference shares are proposed to be listed in the form as may be specified by the board from time to time;  ", "non-convertible redeemable preference share": "\"non-convertible redeemable preference share\" means a preference share which is redeemable in accordance with the provisions of the companies act, 1956 and does not include a preference share which is convertible into or exchangeable with equity shares of the issuer at a later date, with or without the option of the holder; ", "perpetual non-cumulative preference share": "\"perpetual non-cumulative preference share\" means a perpetual non-cumulative preference share issued by a bank in accordance with the  guidelines framed by the reserve bank of india; ", "private placement": "\"private placement\" means an offer or invitation to subscribe to the non-convertible redeemable preference shares in terms of sub-section (3) of section 67 of the companies act, 1956; \"promoter\" has the same meaning as in the securities and exchange board of india (issue of capital and disclosure requirements) regulations, 2009; ", "public issue": "\"public issue\" means an offer or invitation by an issuer to public to subscribe to the non-convertible redeemable preference shares which is not in the nature of a private placement; ", "offer document": "\"offer document\" means prospectus and includes any such document or advertisement whereby the subscription to non-convertible redeemable preference shares are invited by the issuer from public; ", "recognized stock exchange": "\"recognized stock exchange\" means any stock exchange which is recognized under section 4 of the securities contracts act, 1956; ", "schedule": "\"schedule\" means a schedule annexed to these regulations; 4 ", "specified": "\"specified\" means as specified by the board 1[;] ", "wilful defaulter": "2[\"wilful defaulter\" means an issuer who is categorized as a wilful defaulter by any bank or financial institution or consortium thereof, in accordance with the guidelines on wilful defaulters issued by the reserve bank  of india and includes an issuer whose director or promoter is categorized as such.] (2)  all other words and expressions used but not defined in these regulations, shall have the same meanings respectively assigned to them in the act or the companies act, 1956 or securities contracts act, 1956 or the depositories act, 1996 or the rules and the regulations made thereunder or any statutory modification or re-enactment thereto, unless the context requires otherwise. applicability. 3. these regulations shall apply to,- (1) public issue of non-convertible redeemable preference shares;  (2) listing of non-convertible redeemable preference shares on a recognized stock exchange which are issued by a public company through public issue or on private placement basis; and (3) issue and listing of perpetual non-cumulative preference shares and perpetual debt instrument, issued by banks on private placement basis in compliance with  guidelines issued by reserve bank of india. "}