{"act": "\u201cact\u201d means the securities and exchange board of india act, 1992 (15 of 1992); ", "body corporate": "\u201cbody corporate\u201d shall have the meaning assigned to it under sub-section (11) of       page 2 of 62  section 2 of the companies act, 2013 (18 of 2013) as amended from time to time; ", "certificate": "\u201ccertificate\u201d means a certificate of registration issued by the board; \u201cchange of status or constitution\u201d in relation to a portfolio manager\u2500 means any change in its status or constitution of whatsoever nature; and without prejudice to generality of sub-clause , includes\u2013 amalgamation, demerger, consolidation or any other kind of corporate restructuring falling within the scope of section 230 of the companies act, 2013 (18 of 2013) or the corresponding provision of any other law for the time being in force; and any change in control over the body corporate; \u201cchange in control\u201d, in relation to a portfolio manager being a body corporate, shall be construed with reference to : \u2500 the definition of control in terms of regulation 2(1)of sebi (substantial acquisition of shares and takeovers) regulations, 2011 as amended from time to time, if its shares are listed on any recognized stock exchange; in any other case, change in the controlling interest in the body corporate; explanation. \u2500 for the purpose of sub-clause , the expression \u201ccontrolling interest\u201d means,  an interest, whether direct or indirect, to the extent of at least fifty-one percent of voting rights in the body corporate; right to appoint majority of the directors or to control the management directly or indirectly. ", "chartered accountant": "\u201cchartered accountant\" means a chartered accountant as defined in clause of sub-section (1) of section 2 of the chartered accountants act, 1949 (38 of 1949) and who has obtained a certificate of practice under sub-section (1) of section 6 of that act; page 3 of 62  ", "discretionary portfolio manager": "\u201cdiscretionary portfolio manager\u201d means a portfolio manager who under a contract relating to portfolio management, exercises or may exercise, any degree of discretion as to the investment of funds or management of the portfolio of securities of the client, as the case may be; ", "eligible fund manager": "\u201celigible fund manager\u201d shall have the same meaning as assigned to it in                                 sub-section (4) of section 9a of the income-tax act, 1961; ", "eligible investment fund": "\u201celigible investment fund\u201d shall have the same meaning as assigned to it in                           sub-section (3) of section 9a of the income-tax act, 1961; ", "form": "\"form\" means a form specified in schedule i; ", "goods": "\u201cgoods\u201d means the goods notified by the central government under clause of        section 2 of the securities contracts act, 1956 and forming the underlying of any commodity derivative; ", "inspecting authority": "\"inspecting authority\" means one or more persons appointed by the board to exercise "}