{"act": "\u201cact\u201d means the securities and exchange board of india act, 1992;  \u201cappropriately regulated\u201d entity means an entity which is regulated by the securities market regulator or the banking regulator of home jurisdiction or otherwise, in the same capacity in which it proposes to make investments in india;  page 2 of 29 \u201cbilateral memorandum of understanding with the board\u201d shall mean a bilateral memorandum of understanding between the board and any authority outside india that provides for information sharing arrangement as specified under clause of sub-section (2) of section 11 of the act;  ", "board": "\u201cboard\u201d means the securities and exchange board of india established under section 3 of the act;  ", "certificate": "\"certificate\" means a certificate of registration granted to a foreign portfolio investor by the designated depository participant on behalf of the board under these regulations;  ", "control": "\u201ccontrol\u201d includes the right to appoint majority of the directors or to control the management or policy decisions exercisable by a person or persons acting individually or in concert, directly or indirectly, including by virtue of shareholding or management rights or shareholders agreements or voting agreements or in any other manner; ", "custodian": "\u201ccustodian\u201d means a person registered under the securities and exchange board of india regulations, 1996;  ", "designated bank": "\"designated bank\" means a scheduled bank in india, which has been authorised by the reserve bank of india to act as a banker to foreign portfolio investors;  ", "designated depository participant": "\u201cdesignated depository participant\u201d means a person who has been approved by the board "}