{"act": "\u201cact\u201d means the securities and exchange board of india act, 1992 (15 of 1992); \u201cassociate\u201d  shall mean any entity which is an associate under sub-section (6) of section 2 of the companies act, 2013 or under the applicable accounting standards:  provided that this definition shall not be applicable for the units issued by mutual fund which are listed on a recognised stock exchangefor which the provisions of the securities and exchange board of india (mutual funds) regulations, 1996 shall be applicable; 2 ", "board": "\"board\" means the securities and exchange board of india established under section 3 of the act ; \u201cboard of directors\u201d or \u201cboard of trustees\u201d shall mean the board of directors or board of trustees, whichever applicable, of the listed entity; \u201cchief executive officer\u201d or \u201cmanaging director\u201d or \u201cmanager\u201d shall mean the person so appointed in terms of the companies act, 2013; \u201cchief financial officer\u201d or \u201cwhole time finance director\u201d or \u201chead of finance\u201d, by whatever name called, shall mean the person heading and discharging the finance function of the listed entity as disclosed by it to the recognised stock exchangein its filing under these regulations;  \u201ccommittee\u201d shall mean committee of board of directors or any other committee so constituted; ", "designated securities": "\u201cdesignated securities\u201d means specified securities, non-convertible debt securities, non-convertible redeemable preference shares, perpetual debt instrument, perpetual non-cumulative preference shares, indian depository receipts, securitised debt instruments, [security receipts,]1 units issued by mutual funds and any other securities as may be specified by the board ;  ", "financial year": "\u201cfinancial year\u201d shall have the same meaning as assigned to it under sub-section (41) of section 2 of the companies act, 2013; 2[\u201cfugitive economic offender\u201d shall mean an individual who is declared a fugitive economic offender under section 12 of the fugitive economic offenders act, 2018 (17 of 2018);] ", "global depository receipts": "\"global depository receipts\u201d  means global depository receipts as defined in sub-section (44) of section 2 of the companies act, 2013; ", "half year": "\u201chalf year\u201d  means the period of six months commencing on the first day of april or october of a financial year;  ", "half yearly results": "\u201chalf yearly results\u201d means the financial results prepared in accordance with these regulations in respect of a half year;  ", "holding company": "\"holding company\" means a holding company as defined in sub-section (46) of section 2 of the  companies act, 2013; \u2018indian depository receipts\u2019 means indian depository receipts as defined in sub-section(48) of section 2 of the  companies act, 2013; 1 inserted by sebi (listing obligations and disclosure requirements) (fifth amendment) regulations, 2018, w.e.f. 06.09.2018. 2 inserted by sebi (listing obligations and disclosure requirements) (sixth amendment) regulations, 2018, w.e.f. 16.11.2018. 3 ", "insolvency code": "[\u201cinsolvency code\u201d means the insolvency and bankruptcy code, 2016 [no. 31 of 2016]]3 ", "key managerial personnel": "\u201ckey managerial personnel\u201d means key managerial personnel as defined in sub-section (51) of section 2 of the companies act, 2013; ", "listed entity": "\"listed entity\" means an entity which has listed, on a recognised stock exchange, the designated securities issued by it or designated securities issued under schemes managed by it, in accordance with the listing agreement entered  into between the entity and the recognised stock exchange; \u201clisting agreement\u201d shall mean an agreement that is entered into between a recognised stock exchange and an  entity, on the application of that entity to the recognised stock exchange, undertaking to comply with conditions for listing of designated securities; ", "main board": "\u201cmain board\" means main board as defined in clause of sub-regulation (1) of regulation 106n of the securities and exchange board of india (issue of capital and disclosure requirements) regulations, 2009; ", "net worth": "\u201cnet worth\u201d means net worth as defined in sub-section (57) of section 2 of the  companies act, 2013; \u2018non-convertible debt securities\u2019 which is \u2018debt securities\u2019 as defined under regulation 2(1)of  the securities and exchange board of india (issue and listing of debt securities) regulations, 2008;  \u2018non-convertible redeemable preference shares\u2019, \u2018perpetual debt instrument\u2019/'innovative perpetual debt instrument' and  \u2018perpetual non-cumulative preference share\u2019 shall have the same meaning as assigned to them in the securities and exchange board of india (issue and listing of non-convertible redeemable preference shares) regulations, 2013; ", "offer document": "\"offer document\" shall have the same meaning assigned to it under clause of sub-regulation (1) of regulation 2 of the securities and exchange board of india (issue of capital and disclosure requirements) regulations, 2009, clause of sub-regulation(1) of regulation 2 of the securities and exchange board of india (issue and listing of debt securities) regulations, 2008, clause of sub-regulation (1) of regulation 2 of the securities and exchange board of india (issue and listing of non-convertible redeemable preference shares) regulations, 2013, clause of regulation 2 of the securities and exchange board of india (mutual funds) regulations, 1996 and clause of sub-regulation (1) of regulation 2 of the [securities and exchange board of india (issue and 3 inserted by sebi (listing obligations and disclosure requirements) (third amendment) regulations, 2018, w.e.f. 31.05.2018. 4 listing of securitised debt instruments and security receipts) regulations, 2008]4, as may be applicable; ", "promoter\" and \"promoter group": "\"promoter\" and \"promoter group\" shall have the same meaning as assigned to them respectively in clauses and of sub-regulation (1) of regulation 2 of the securities and exchange board of india (issue of capital and disclosure requirements) regulations, 2009. ", "public": "\"public\" means public as defined under clause of rule 2 of the securities contracts rules, 1957; ", "public shareholding": "\"public shareholding\" means public shareholding as defined under clause of rule 2 of the securities contracts rules, 1957; ", "quarter": "\u201cquarter\u201d means the period of three months commencing on the first day of april, july, october or january of a financial year;  ", "quarterly results": "\"quarterly results\" means the financial results prepared in accordance with these regulations in respect of a quarter;  ", "related party": "\u201crelated party\u201d means a related party as defined under sub-section (76) of section 2 of the companies act, 2013 or under the applicable accounting standards: 5[provided that any person or entity belonging to the promoter or promoter group of the listed entity and holding 20% or more of shareholding in the listed entity shall be deemed to be a related party.] provided 6[further] that this definition shall not be applicable for the units issued by mutual funds which are listed on a recognised stock exchange; ", "related party transaction": "\u201crelated party transaction\u201d means a transfer of resources, services or obligations between a listed entity and a related party, regardless of whether a price is charged and a \"transaction\" with a related party shall be construed to include a single transaction or a group of transactions in a contract:  provided that this definition shall not be applicable for the units issued by mutual funds which are listed on a recognised stock exchange; ", "relative": " \u201crelative\u201d means  relative as defined  under sub-section (77) of section 2 of the companies act, 2013 and rules prescribed there under:  provided this definition shall not be applicable for the units issued by mutual fund which are listed on a recognised stock exchange;  4  substituted by sebi (listing obligations and disclosure requirements) (fifth amendment) regulations, 2018, w.e.f. 06.09.2018. prior to this, it read as \u201csecurities and exchange board of india (public offer and listing of securitised debt instruments) regulations, 2008\u201d. 5 inserted by the sebi (listing obligations and disclosure requirements) regulations, 2018, w.e.f. 1.4.2019 6 inserted ibid. 5 ", "schedule": "\"schedule\" means a schedule annexed to these regulations; ", "securities laws": "\"securities laws\" means the act, the securities contracts act, 1956, the depositories act, 1996, and the  provisions of the companies act, 1956 and companies act, 2013, and the rules, regulations, circulars or guidelines made thereunder.   ", "securitized debt instruments": "[\u201csecuritized debt instruments\u201d shall have the meaning assigned to it under the securities and exchange board of india (issue and listing of securitised debt instruments and security receipts) regulations, 2008;]7 ", "security receipts": "[\u201csecurity receipts\u201d shall have the meaning assigned to it under the securities and exchange board of india (issue and listing of securitised debt instruments and security receipts) regulations, 2008;]8 ", "servicer": "\u201cservicer\u201d means servicer as defined under clauseof sub-regulation (1) of regulation 2 of the [securities and exchange board of india (issue and listing of securitised debt instruments and security receipts) regulations, 2008;]9 \"small and medium enterprises\" or \"sme\" shall mean an entity which has issued "}