{"act": "\u201cact\u201d means the securities and exchange board of india act, 1992 (15 of 1992); ", "board": "\"board\" means the securities and exchange board of india established under section 3 of the act; ", "body corporate": "\u201cbody corporate\u201d shall have  the meaning assigned to it in or under sub-section (7) of section 2 of the companies act, 1956 (1 of 1956); ", "certificate": "\u201ccertificate\u201d means a certificate of registration granted under these regulations; 2 \u201cchange in control\u201d in relation to a company or  a body corporate, means:  if its shares are listed on any recognized stock exchange, change in control within the meaning of clause of sub-regulation (1) of regulation 2 of the securities and exchange board of india (substantial acquisition of shares and takeovers) regulations, 2011;  in any other case, change in the controlling interest or change in legal form.  explanation.\u2500 for the purpose of sub-clause , the expression \u201ccontrolling interest\u201d means an interest, whether direct or indirect, to the extent of more than fifty percent of voting rights or interest;  ", "company": "\u201ccompany\u201d means a company incorporated under the companies act, 1956; ", "consideration": "\u201cconsideration\u201d means any form of economic benefit including non-cash benefit, received or receivable for providing investment advice; \u201cfinancial planning\u201d shall include analysis of clients\u2019 current financial situation, identification of their financial goals, and developing and recommending financial strategies to realise such goals; ", "firm": "\u201cfirm\u201d means a partnership firm registered  under  indian partnership act, 1932 (9 of 1932); ", "form": "\u201cform\u201d means any of the forms set out in the first schedule;  ", "inspecting authority": "\u201cinspecting authority\u201d means any one or more persons appointed by the board  to exercise powers conferred under regulation 23; ", "investment advice": "\u201cinvestment advice\u201d means advice relating to investing in, purchasing, selling or otherwise dealing in securities or investment products, and  advice on investment portfolio containing securities or investment products, whether written, oral or through any other means of communication for the benefit of the client and shall include financial planning:  provided that investment advice given through newspaper, magazines, any electronic or  broadcasting or telecommunications medium, which is widely available to the public shall not be considered as investment advice for the purpose of these regulations; ", "investment adviser": "\u201cinvestment adviser\u201d means any person, who for consideration, is engaged in the business of providing investment advice to clients or other persons or group of persons and includes any person who holds out himself as an investment adviser, by whatever name called; ", "limited liability partnership": "\u201climited liability partnership\u201d means a partnership formed and registered under the limited liability partnership act, 2008(6 of  2009); ", "nbfc": "\u201cnbfc\u201d means a non-banking financial company regulated by reserve bank of india; 3 ", "nism": "\u201cnism\u201d means the national institute of securities market established by the board; ", "partner": "\u201cpartner\u201d means partner of the firm or a limited liability partnership who renders investment advice on behalf of the firm or limited liability partnership; ", "representative": "\u201crepresentative\u201d means an employee or an agent of an investment adviser who renders investment advice on behalf of that investment adviser. (2) the words and expressions used and not defined in these regulations but defined in the act, the securities contracts act, 1956 (42 of 1956), the companies act, 1956 (1 of 1956), or any rules or regulations made thereunder shall have the same meanings respectively assigned to them in those acts, rules or regulations made thereunder or any statutory modification or re-enactment thereto, as the case may be. "}